{
  "openapi" : "3.0.0",
  "info" : {
    "title" : "Computer Adaptive Testing (CAT) Service OpenAPI (YAML) Definition",
    "description" : "The Computer Adaptive Testing (CAT) Service enables a standard way of implementing adaptive testing using Question and Test Interoperability (QTI). This service has been described using the IMS Model Driven Specification development approach, this being the Platform Specific Model (PSM) of the service.",
    "termsOfService" : "https://www.imsglobal.org/license.html",
    "contact" : {
      "name" : "Lisa Mattson (COO), IMS Global",
      "url" : "http://www.imsglobal.org",
      "email" : "lmattson@imsglobal.org"
    },
    "license" : {
      "name" : "IMS Global",
      "url" : "https://www.imsglobal.org/license.html"
    },
    "version" : "1.0"
  },
  "servers" : [ {
    "url" : "www.imsglobal.org/ims/cat/v1p0",
    "description" : "The above Server URL should be changed to the actual server location."
  } ],
  "tags" : [ {
    "name" : "SectionsManager",
    "description" : "The set of service operations that manage access to the adaptive Sections being handled by the CAT Engine.\n"
  }, {
    "name" : "SessionsManager",
    "description" : "The set of service operations that manage access to the adaptive Sessions being handled by the CAT Engine.\n"
  } ],
  "paths" : {
    "/sections" : {
      "post" : {
        "tags" : [ "SectionsManager" ],
        "summary" : "The REST createbp request message for the createSection() API call.",
        "description" : "This is a request to the CAT Engine to create a new adaptive Section. The CAT Engine is responsible for assigning the unique identifier to be used for this Section in other exchanges. This request is NOT idempotent.\n",
        "operationId" : "createSection",
        "requestBody" : {
          "description" : "The data for the configuration of the new adaptive Section.\n",
          "content" : {
            "application/json" : {
              "schema" : {
                "$ref" : "#/components/schemas/SectionDType"
              }
            }
          },
          "required" : true
        },
        "responses" : {
          "201" : {
            "description" : "The response code for when the new Section has been created in the CAT Engine and the associated identifier has been returned.\n",
            "content" : {
              "application/json" : {
                "schema" : {
                  "$ref" : "#/components/schemas/CreateSectionResponseBodyDType"
                }
              }
            }
          },
          "400" : {
            "description" : "The request has been declared as 'bad'.  This will be due to the provision of bad data in the request payloads, including  a poorly formed JSON payload. This is accompanied by the 'codeMajor/severity' values of 'failure/error'.\n",
            "content" : {
              "application/json" : {
                "schema" : {
                  "$ref" : "#/components/schemas/imsx_StatusInfoDType"
                }
              }
            }
          },
          "401" : {
            "description" : "The request was not correctly authorized i.e. 'unauthorisedrequest'. This would be accompanied by the 'codeMajor/severity' values of 'failure/error'. \n",
            "content" : {
              "application/json" : {
                "schema" : {
                  "$ref" : "#/components/schemas/imsx_StatusInfoDType"
                }
              }
            }
          },
          "500" : {
            "description" : "This code should be used only if there is catastrophic error and there is not a more appropriate code i.e. 'internal_server_error'. This would be accompanied by the 'codeMajor/severity' values of 'failure/error'. \n",
            "content" : {
              "application/json" : {
                "schema" : {
                  "$ref" : "#/components/schemas/imsx_StatusInfoDType"
                }
              }
            }
          },
          "default" : {
            "description" : "This is the response data payload to be supplied when the HTTP code is NOT explicitly defined. This would be accompanied by the 'codeMajor/severity' values of 'failure/error' and the appropriate 'codeMinor' value. The associated HTTP code will also be supplied.\n",
            "content" : {
              "application/json" : {
                "schema" : {
                  "$ref" : "#/components/schemas/imsx_StatusInfoDType"
                }
              }
            }
          }
        },
        "security" : [ {
          "OAuth2CCG" : [ "https://purl.imsglobal.org/cat/v1p0/scope/api", "https://purl.imsglobal.org/cat/v1p0/scope/configure" ]
        } ]
      }
    },
    "/sections/{sectionIdentifier}" : {
      "get" : {
        "tags" : [ "SectionsManager" ],
        "summary" : "The REST read request message for the getSection() API call.",
        "description" : "This request returns the parameters which were used by the CAT engine to create the adaptive section, and the list of the items in the adaptive section's item pool, as configured by the CAT engine. It is recommended that assessment platforms and/or delivery engines use this request to verify that the item pool, as configured by the CAT engine, corresponds exactly to the list of items in the QTI source for the adaptive section. It is also recommended that test administrators verify that each item in the item pool is accessible and deliverable before commencing delivery of candidate sessions. The Get Section request may be used for this, and may be made at any time after a successful Create Section request, as many times as required.\n",
        "operationId" : "getSection",
        "parameters" : [ {
          "name" : "sectionIdentifier",
          "in" : "path",
          "description" : "The LUID that identifies the Section for which the data on the CAT Engine is to be obtained.\n",
          "required" : true,
          "style" : "simple",
          "explode" : false,
          "schema" : {
            "type" : "string"
          }
        } ],
        "responses" : {
          "200" : {
            "description" : "The response code for when the list of Items in the section's item pool has been returned. The response message contains the list of Items, the section configuration used to create the section, and any qtiUsagedata and qtiMetadata used to create the section.\n",
            "content" : {
              "application/json" : {
                "schema" : {
                  "$ref" : "#/components/schemas/GetSectionResponseBodyDType"
                }
              }
            }
          },
          "400" : {
            "description" : "The request has been declared as 'bad'.  This will be due to the provision of bad data in the request payloads, including  a poorly formed JSON payload. This is accompanied by the 'codeMajor/severity' values of 'failure/error'.\n",
            "content" : {
              "application/json" : {
                "schema" : {
                  "$ref" : "#/components/schemas/imsx_StatusInfoDType"
                }
              }
            }
          },
          "401" : {
            "description" : "The request was not correctly authorized i.e. 'unauthorisedrequest'. This would be accompanied by the 'codeMajor/severity' values of 'failure/error'. \n",
            "content" : {
              "application/json" : {
                "schema" : {
                  "$ref" : "#/components/schemas/imsx_StatusInfoDType"
                }
              }
            }
          },
          "404" : {
            "description" : "The supplied identifier is unknown in the CAT Engine and so the object could not be processed. This would be accompanied by the 'codeMajor/severity' values of 'failure/error'. The statement 'Unknown Object' of should also be presented.\n",
            "content" : {
              "application/json" : {
                "schema" : {
                  "$ref" : "#/components/schemas/imsx_StatusInfoDType"
                }
              }
            }
          },
          "500" : {
            "description" : "This code should be used only if there is catastrophic error and there is not a more appropriate code i.e. 'internal_server_error'. This would be accompanied by the 'codeMajor/severity' values of 'failure/error'. \n",
            "content" : {
              "application/json" : {
                "schema" : {
                  "$ref" : "#/components/schemas/imsx_StatusInfoDType"
                }
              }
            }
          },
          "default" : {
            "description" : "This is the response data payload to be supplied when the HTTP code is NOT explicitly defined. This would be accompanied by the 'codeMajor/severity' values of 'failure/error' and the appropriate 'codeMinor' value. The associated HTTP code will also be supplied.\n",
            "content" : {
              "application/json" : {
                "schema" : {
                  "$ref" : "#/components/schemas/imsx_StatusInfoDType"
                }
              }
            }
          }
        },
        "security" : [ {
          "OAuth2CCG" : [ "https://purl.imsglobal.org/cat/v1p0/scope/api", "https://purl.imsglobal.org/cat/v1p0/scope/configure" ]
        } ]
      },
      "delete" : {
        "tags" : [ "SectionsManager" ],
        "summary" : "The REST delete request message for the endSection() API call.",
        "description" : "This request ends all candidate sessions for the section which have not already ended, and ends the section. The sectionIdentifier, sessionIdentifiers, and sessionStates returned from previous requests related to the section become invalid. The delivery engine should not make any further requests related to the section or any session for the section. For a REST-based binding this request uses the DELETE HTTP method because of REST conventions, but the CAT engine is not required to physically delete any session or section data. This request should not be repeated once it has succeeded. \n",
        "operationId" : "endSection",
        "parameters" : [ {
          "name" : "sectionIdentifier",
          "in" : "path",
          "description" : "The LUID that identifies the Section to be deleted on the CAT Engine.\n",
          "required" : true,
          "style" : "simple",
          "explode" : false,
          "schema" : {
            "type" : "string"
          }
        } ],
        "responses" : {
          "204" : {
            "description" : "The response code for when the identified Section has been deleted in the CAT Engine. There is no response payload.\n"
          },
          "400" : {
            "description" : "The request has been declared as 'bad'.  This will be due to the provision of bad data in the request payloads, including  a poorly formed JSON payload. This is accompanied by the 'codeMajor/severity' values of 'failure/error'.\n",
            "content" : {
              "application/json" : {
                "schema" : {
                  "$ref" : "#/components/schemas/imsx_StatusInfoDType"
                }
              }
            }
          },
          "401" : {
            "description" : "The request was not correctly authorized i.e. 'unauthorisedrequest'. This would be accompanied by the 'codeMajor/severity' values of 'failure/error'. \n",
            "content" : {
              "application/json" : {
                "schema" : {
                  "$ref" : "#/components/schemas/imsx_StatusInfoDType"
                }
              }
            }
          },
          "404" : {
            "description" : "The supplied identifier is unknown in the CAT Engine and so the object could not be processed. This would be accompanied by the 'codeMajor/severity' values of 'failure/error'. The statement 'Unknown Object' of should also be presented.\n",
            "content" : {
              "application/json" : {
                "schema" : {
                  "$ref" : "#/components/schemas/imsx_StatusInfoDType"
                }
              }
            }
          },
          "500" : {
            "description" : "This code should be used only if there is catastrophic error and there is not a more appropriate code i.e. 'internal_server_error'. This would be accompanied by the 'codeMajor/severity' values of 'failure/error'. \n",
            "content" : {
              "application/json" : {
                "schema" : {
                  "$ref" : "#/components/schemas/imsx_StatusInfoDType"
                }
              }
            }
          },
          "default" : {
            "description" : "This is the response data payload to be supplied when the HTTP code is NOT explicitly defined. This would be accompanied by the 'codeMajor/severity' values of 'failure/error' and the appropriate 'codeMinor' value. The associated HTTP code will also be supplied.\n",
            "content" : {
              "application/json" : {
                "schema" : {
                  "$ref" : "#/components/schemas/imsx_StatusInfoDType"
                }
              }
            }
          }
        },
        "security" : [ {
          "OAuth2CCG" : [ "https://purl.imsglobal.org/cat/v1p0/scope/api", "https://purl.imsglobal.org/cat/v1p0/scope/configure" ]
        } ]
      }
    },
    "/sections/{sectionIdentifier}/sessions" : {
      "post" : {
        "tags" : [ "SessionsManager" ],
        "summary" : "The REST createbp request message for the createSession() API call.",
        "description" : "This request initializes a candidate session for the adaptive section. The request optionally provides the CAT engine with information related to the candidate. The CAT engine returns the initial stage (list of items) to be presented to the candidate. This request may be made multiple times after a successful Create Section request, once per candidate, when each candidate enters the adaptive section on the test. This request is NOT idempotent.\n",
        "operationId" : "createSession",
        "parameters" : [ {
          "name" : "sectionIdentifier",
          "in" : "path",
          "description" : "The LUID that identifies the Section in the CAT Engine to which this new Session is to be assigned.\n",
          "required" : true,
          "style" : "simple",
          "explode" : false,
          "schema" : {
            "type" : "string"
          }
        } ],
        "requestBody" : {
          "description" : "The Session configuration data including the information about the examinee.\n",
          "content" : {
            "application/json" : {
              "schema" : {
                "$ref" : "#/components/schemas/SessionDType"
              }
            }
          },
          "required" : true
        },
        "responses" : {
          "201" : {
            "description" : "The response code for when the new Session has been created in the CAT Engine and the associated identifier has been returned. The response message consists of the identifier allocated to the session, the initial set of Items to be presented and the session state to be used for later requests.\n",
            "content" : {
              "application/json" : {
                "schema" : {
                  "$ref" : "#/components/schemas/CreateSessionResponseBodyDType"
                }
              }
            }
          },
          "400" : {
            "description" : "The request has been declared as 'bad'.  This will be due to the provision of bad data in the request payloads, including  a poorly formed JSON payload. This is accompanied by the 'codeMajor/severity' values of 'failure/error'.\n",
            "content" : {
              "application/json" : {
                "schema" : {
                  "$ref" : "#/components/schemas/imsx_StatusInfoDType"
                }
              }
            }
          },
          "401" : {
            "description" : "The request was not correctly authorized i.e. 'unauthorisedrequest'. This would be accompanied by the 'codeMajor/severity' values of 'failure/error'. \n",
            "content" : {
              "application/json" : {
                "schema" : {
                  "$ref" : "#/components/schemas/imsx_StatusInfoDType"
                }
              }
            }
          },
          "404" : {
            "description" : "The supplied identifier is unknown in the CAT Engine and so the object could not be processed. This would be accompanied by the 'codeMajor/severity' values of 'failure/error'. The statement 'Unknown Object' of should also be presented.\n",
            "content" : {
              "application/json" : {
                "schema" : {
                  "$ref" : "#/components/schemas/imsx_StatusInfoDType"
                }
              }
            }
          },
          "500" : {
            "description" : "This code should be used only if there is catastrophic error and there is not a more appropriate code i.e. 'internal_server_error'. This would be accompanied by the 'codeMajor/severity' values of 'failure/error'. \n",
            "content" : {
              "application/json" : {
                "schema" : {
                  "$ref" : "#/components/schemas/imsx_StatusInfoDType"
                }
              }
            }
          },
          "default" : {
            "description" : "This is the response data payload to be supplied when the HTTP code is NOT explicitly defined. This would be accompanied by the 'codeMajor/severity' values of 'failure/error' and the appropriate 'codeMinor' value. The associated HTTP code will also be supplied.\n",
            "content" : {
              "application/json" : {
                "schema" : {
                  "$ref" : "#/components/schemas/imsx_StatusInfoDType"
                }
              }
            }
          }
        },
        "security" : [ {
          "OAuth2CCG" : [ "https://purl.imsglobal.org/cat/v1p0/scope/api", "https://purl.imsglobal.org/cat/v1p0/scope/deliver" ]
        } ]
      }
    },
    "/sections/{sectionIdentifier}/sessions/{sessionIdentifier}" : {
      "delete" : {
        "tags" : [ "SessionsManager" ],
        "summary" : "The REST delete request message for the endSession() API call.",
        "description" : "This request ends the candidate session. The sessionIdentifier, and the sessionState returned from any previous request in the session, become invalid. The delivery engine should not make any further requests related to the session. For a REST-based binding this request uses the DELETE HTTP method because of REST conventions; but it is not required that CAT engines physically delete data or resources associated with the session. If the identified session cannot be found then the 'unknownobject' status code must be reported.\n",
        "operationId" : "endSession",
        "parameters" : [ {
          "name" : "sectionIdentifier",
          "in" : "path",
          "description" : "The LUID that identifies the Section to be deleted on the CAT Engine.\n",
          "required" : true,
          "style" : "simple",
          "explode" : false,
          "schema" : {
            "type" : "string"
          }
        }, {
          "name" : "sessionIdentifier",
          "in" : "path",
          "description" : "The LUID that identifies the Session, in the context of the identified Section, to be deleted on the CAT Engine.\n",
          "required" : true,
          "style" : "simple",
          "explode" : false,
          "schema" : {
            "type" : "string"
          }
        } ],
        "responses" : {
          "204" : {
            "description" : "The response code for when the identified Session has been deleted in the CAT Engine. There is no response payload.\n"
          },
          "400" : {
            "description" : "The request has been declared as 'bad'.  This will be due to the provision of bad data in the request payloads, including  a poorly formed JSON payload. This is accompanied by the 'codeMajor/severity' values of 'failure/error'.\n",
            "content" : {
              "application/json" : {
                "schema" : {
                  "$ref" : "#/components/schemas/imsx_StatusInfoDType"
                }
              }
            }
          },
          "401" : {
            "description" : "The request was not correctly authorized i.e. 'unauthorisedrequest'. This would be accompanied by the 'codeMajor/severity' values of 'failure/error'. \n",
            "content" : {
              "application/json" : {
                "schema" : {
                  "$ref" : "#/components/schemas/imsx_StatusInfoDType"
                }
              }
            }
          },
          "404" : {
            "description" : "The supplied identifier is unknown in the CAT Engine and so the object could not be processed. This would be accompanied by the 'codeMajor/severity' values of 'failure/error'. The statement 'Unknown Object' of should also be presented.\n",
            "content" : {
              "application/json" : {
                "schema" : {
                  "$ref" : "#/components/schemas/imsx_StatusInfoDType"
                }
              }
            }
          },
          "500" : {
            "description" : "This code should be used only if there is catastrophic error and there is not a more appropriate code i.e. 'internal_server_error'. This would be accompanied by the 'codeMajor/severity' values of 'failure/error'. \n",
            "content" : {
              "application/json" : {
                "schema" : {
                  "$ref" : "#/components/schemas/imsx_StatusInfoDType"
                }
              }
            }
          },
          "default" : {
            "description" : "This is the response data payload to be supplied when the HTTP code is NOT explicitly defined. This would be accompanied by the 'codeMajor/severity' values of 'failure/error' and the appropriate 'codeMinor' value. The associated HTTP code will also be supplied.\n",
            "content" : {
              "application/json" : {
                "schema" : {
                  "$ref" : "#/components/schemas/imsx_StatusInfoDType"
                }
              }
            }
          }
        },
        "security" : [ {
          "OAuth2CCG" : [ "https://purl.imsglobal.org/cat/v1p0/scope/api", "https://purl.imsglobal.org/cat/v1p0/scope/deliver" ]
        } ]
      }
    },
    "/sections/{sectionIdentifier}/sessions/{sessionIdentifier}/results" : {
      "post" : {
        "tags" : [ "SessionsManager" ],
        "summary" : "The REST update request message for the submitResults() API call.",
        "description" : "This request sends the results from the current item stage in a candidate session to the CAT engine. The CAT engine returns its computed outcome variable values for the current stage and the test as a whole. It also returns the next item stage to be presented to the candidate. Instead of the next item stage, it may also return an indication that the adaptive section has ended, by returning an empty list for nextItems. If the identified Section/Session cannot be found then the 'unknownobject' status code must be reported.\n",
        "operationId" : "submitResults",
        "parameters" : [ {
          "name" : "sectionIdentifier",
          "in" : "path",
          "description" : "The LUID that identifies the Section in the CAT Engine to be used.\n",
          "required" : true,
          "style" : "simple",
          "explode" : false,
          "schema" : {
            "type" : "string"
          }
        }, {
          "name" : "sessionIdentifier",
          "in" : "path",
          "description" : "The LUID that identifies the Session, in the context of the Section, in the CAT Engine to be used.\n",
          "required" : true,
          "style" : "simple",
          "explode" : false,
          "schema" : {
            "type" : "string"
          }
        } ],
        "requestBody" : {
          "description" : "The set of results that have been obtained, so far, by the examinee for the identified session.\n",
          "content" : {
            "application/json" : {
              "schema" : {
                "$ref" : "#/components/schemas/ResultsDType"
              }
            }
          },
          "required" : true
        },
        "responses" : {
          "201" : {
            "description" : "The response code for when the next set of Items to be presented to the examinee has been returned. The response message contains the next set of Items, the session state to be used in later requests and, optionally, the assessment results.\n",
            "content" : {
              "application/json" : {
                "schema" : {
                  "$ref" : "#/components/schemas/SubmitResultsResponseBodyDType"
                }
              }
            }
          },
          "400" : {
            "description" : "The request has been declared as 'bad'.  This will be due to the provision of bad data in the request payloads, including  a poorly formed JSON payload. This is accompanied by the 'codeMajor/severity' values of 'failure/error'.\n",
            "content" : {
              "application/json" : {
                "schema" : {
                  "$ref" : "#/components/schemas/imsx_StatusInfoDType"
                }
              }
            }
          },
          "401" : {
            "description" : "The request was not correctly authorized i.e. 'unauthorisedrequest'. This would be accompanied by the 'codeMajor/severity' values of 'failure/error'. \n",
            "content" : {
              "application/json" : {
                "schema" : {
                  "$ref" : "#/components/schemas/imsx_StatusInfoDType"
                }
              }
            }
          },
          "404" : {
            "description" : "The supplied identifier is unknown in the CAT Engine and so the object could not be processed. This would be accompanied by the 'codeMajor/severity' values of 'failure/error'. The statement 'Unknown Object' of should also be presented.\n",
            "content" : {
              "application/json" : {
                "schema" : {
                  "$ref" : "#/components/schemas/imsx_StatusInfoDType"
                }
              }
            }
          },
          "500" : {
            "description" : "This code should be used only if there is catastrophic error and there is not a more appropriate code i.e. 'internal_server_error'. This would be accompanied by the 'codeMajor/severity' values of 'failure/error'. \n",
            "content" : {
              "application/json" : {
                "schema" : {
                  "$ref" : "#/components/schemas/imsx_StatusInfoDType"
                }
              }
            }
          },
          "default" : {
            "description" : "This is the response data payload to be supplied when the HTTP code is NOT explicitly defined. This would be accompanied by the 'codeMajor/severity' values of 'failure/error' and the appropriate 'codeMinor' value. The associated HTTP code will also be supplied.\n",
            "content" : {
              "application/json" : {
                "schema" : {
                  "$ref" : "#/components/schemas/imsx_StatusInfoDType"
                }
              }
            }
          }
        },
        "security" : [ {
          "OAuth2CCG" : [ "https://purl.imsglobal.org/cat/v1p0/scope/api", "https://purl.imsglobal.org/cat/v1p0/scope/deliver" ]
        } ]
      }
    }
  },
  "components" : {
    "schemas" : {
      "CreateSessionResponseBodyDType" : {
        "type" : "object",
        "properties" : {
          "sessionIdentifier" : {
            "type" : "string",
            "description" : "Model Primitive Datatype = NCName."
          },
          "nextItems" : {
            "$ref" : "#/components/schemas/NextItemSetDType"
          },
          "sessionState" : {
            "type" : "string",
            "description" : "Model Primitive Datatype = NormalizedString."
          }
        },
        "additionalProperties" : false,
        "description" : "The response code for when the new Session has been created in the CAT Engine and the associated identifier has been returned. The response message consists of the identifier allocated to the session, the initial set of Items to be presented and the session state to be used for later requests.\n",
        "example" : {
          "sessionState" : "sessionState",
          "nextItems" : {
            "stageLength" : 0,
            "itemIdentifiers" : [ "itemIdentifiers", "itemIdentifiers" ]
          },
          "sessionIdentifier" : "sessionIdentifier"
        }
      },
      "GetSectionResponseBodyDType" : {
        "type" : "object",
        "properties" : {
          "items" : {
            "$ref" : "#/components/schemas/ItemSetDType"
          },
          "section" : {
            "$ref" : "#/components/schemas/SectionDType"
          }
        },
        "additionalProperties" : false,
        "description" : "The response code for when the list of Items in the section's item pool has been returned. The response message contains the list of Items, the section configuration used to create the section, and any qtiUsagedata and qtiMetadata used to create the section.\n",
        "example" : {
          "section" : {
            "sectionConfiguration" : "sectionConfiguration",
            "qtiMetadata" : {
              "toolVersion" : "toolVersion",
              "itemTemplate" : true,
              "solutionAvailable" : true,
              "interactionType" : [ "associateInteraction", "associateInteraction" ],
              "composite" : true,
              "timeDependent" : true,
              "portableCustomInteractionContext" : {
                "interactionKind" : "interactionKind",
                "customTypeIdentifier" : "customTypeIdentifier"
              },
              "scoringMode" : [ "human", "human" ],
              "toolVendor" : "toolVendor",
              "feedbackType" : "adaptive",
              "toolName" : "toolName"
            },
            "qtiUsagedata" : "qtiUsagedata"
          },
          "items" : {
            "itemIdentifiers" : [ "itemIdentifiers", "itemIdentifiers" ]
          }
        }
      },
      "SubmitResultsResponseBodyDType" : {
        "type" : "object",
        "properties" : {
          "nextItems" : {
            "$ref" : "#/components/schemas/NextItemSetDType"
          },
          "assessmentResult" : {
            "$ref" : "#/components/schemas/AssessmentResultDType"
          },
          "sessionState" : {
            "type" : "string",
            "description" : "Model Primitive Datatype = NormalizedString."
          }
        },
        "additionalProperties" : false,
        "description" : "The response code for when the next set of Items to be presented to the examinee has been returned. The response message contains the next set of Items, the session state to be used in later requests and, optionally, the assessment results.\n",
        "example" : {
          "assessmentResult" : {
            "itemResult" : [ {
              "sequenceIndex" : 0,
              "identifier" : "identifier",
              "datestamp" : "2000-01-23T04:56:07.000+00:00",
              "sessionStatus" : "final",
              "candidateComment" : "candidateComment",
              "responseVariables" : [ null, null ],
              "outcomeVariables" : [ null, null ],
              "templateVariables" : [ null, null ]
            }, {
              "sequenceIndex" : 0,
              "identifier" : "identifier",
              "datestamp" : "2000-01-23T04:56:07.000+00:00",
              "sessionStatus" : "final",
              "candidateComment" : "candidateComment",
              "responseVariables" : [ null, null ],
              "outcomeVariables" : [ null, null ],
              "templateVariables" : [ null, null ]
            } ],
            "context" : {
              "sourcedId" : "sourcedId",
              "sessionIdentifiers" : [ {
                "sourceID" : "http://example.com/aeiou",
                "identifier" : "identifier"
              }, {
                "sourceID" : "http://example.com/aeiou",
                "identifier" : "identifier"
              } ]
            },
            "testResult" : {
              "identifier" : "identifier",
              "datestamp" : "2000-01-23T04:56:07.000+00:00",
              "responseVariables" : [ {
                "identifier" : "identifier",
                "correctResponse" : {
                  "interpretation" : "interpretation",
                  "value" : [ {
                    "fieldIdentifier" : "fieldIdentifier",
                    "value" : "value",
                    "baseType" : "boolean"
                  }, {
                    "fieldIdentifier" : "fieldIdentifier",
                    "value" : "value",
                    "baseType" : "boolean"
                  } ]
                },
                "candidateResponse" : {
                  "value" : [ null, null ]
                },
                "choiceSequence" : [ "choiceSequence", "choiceSequence" ],
                "cardinality" : "multiple",
                "baseType" : "boolean"
              }, {
                "identifier" : "identifier",
                "correctResponse" : {
                  "interpretation" : "interpretation",
                  "value" : [ {
                    "fieldIdentifier" : "fieldIdentifier",
                    "value" : "value",
                    "baseType" : "boolean"
                  }, {
                    "fieldIdentifier" : "fieldIdentifier",
                    "value" : "value",
                    "baseType" : "boolean"
                  } ]
                },
                "candidateResponse" : {
                  "value" : [ null, null ]
                },
                "choiceSequence" : [ "choiceSequence", "choiceSequence" ],
                "cardinality" : "multiple",
                "baseType" : "boolean"
              } ],
              "outcomeVariables" : [ {
                "identifier" : "identifier",
                "view" : [ "author", "author" ],
                "interpretation" : "interpretation",
                "normalMaximum" : 0.8008281904610115,
                "masteryValue" : 1.4658129805029452,
                "longInterpretation" : "http://example.com/aeiou",
                "value" : [ null, null ],
                "cardinality" : "multiple",
                "normalMinimum" : 6.027456183070403,
                "baseType" : "boolean"
              }, {
                "identifier" : "identifier",
                "view" : [ "author", "author" ],
                "interpretation" : "interpretation",
                "normalMaximum" : 0.8008281904610115,
                "masteryValue" : 1.4658129805029452,
                "longInterpretation" : "http://example.com/aeiou",
                "value" : [ null, null ],
                "cardinality" : "multiple",
                "normalMinimum" : 6.027456183070403,
                "baseType" : "boolean"
              } ],
              "templateVariables" : [ {
                "identifier" : "identifier",
                "value" : [ null, null ],
                "cardinality" : "multiple",
                "baseType" : "boolean"
              }, {
                "identifier" : "identifier",
                "value" : [ null, null ],
                "cardinality" : "multiple",
                "baseType" : "boolean"
              } ]
            }
          },
          "sessionState" : "sessionState",
          "nextItems" : {
            "stageLength" : 0,
            "itemIdentifiers" : [ "itemIdentifiers", "itemIdentifiers" ]
          }
        }
      },
      "CreateSectionResponseBodyDType" : {
        "type" : "object",
        "properties" : {
          "sectionIdentifier" : {
            "type" : "string",
            "description" : "Model Primitive Datatype = NCName."
          }
        },
        "additionalProperties" : false,
        "description" : "The response code for when the new Section has been created in the CAT Engine and the associated identifier has been returned.\n",
        "example" : {
          "sectionIdentifier" : "sectionIdentifier"
        }
      },
      "AssessmentResultDType" : {
        "type" : "object",
        "properties" : {
          "context" : {
            "$ref" : "#/components/schemas/ContextDType"
          },
          "testResult" : {
            "$ref" : "#/components/schemas/TestResultDType"
          },
          "itemResult" : {
            "minItems" : 0,
            "type" : "array",
            "description" : "When a test result is given the following item results must relate only to items that were selected for presentation as part of the corresponding test session. Furthermore, all items selected for presentation should be reported with a corresponding itemResult.\n",
            "items" : {
              "$ref" : "#/components/schemas/ItemResultDType"
            }
          }
        },
        "additionalProperties" : false,
        "description" : "An Assessment Result is used to report the results of a candidate's interaction with a test and/or one or more items attempted. Information about the test is optional, in some systems it may be possible to interact with items that are not organized into a test at all. For example, items that are organized with learning resources and presented individually in a formative context.\n",
        "example" : {
          "itemResult" : [ {
            "sequenceIndex" : 0,
            "identifier" : "identifier",
            "datestamp" : "2000-01-23T04:56:07.000+00:00",
            "sessionStatus" : "final",
            "candidateComment" : "candidateComment",
            "responseVariables" : [ null, null ],
            "outcomeVariables" : [ null, null ],
            "templateVariables" : [ null, null ]
          }, {
            "sequenceIndex" : 0,
            "identifier" : "identifier",
            "datestamp" : "2000-01-23T04:56:07.000+00:00",
            "sessionStatus" : "final",
            "candidateComment" : "candidateComment",
            "responseVariables" : [ null, null ],
            "outcomeVariables" : [ null, null ],
            "templateVariables" : [ null, null ]
          } ],
          "context" : {
            "sourcedId" : "sourcedId",
            "sessionIdentifiers" : [ {
              "sourceID" : "http://example.com/aeiou",
              "identifier" : "identifier"
            }, {
              "sourceID" : "http://example.com/aeiou",
              "identifier" : "identifier"
            } ]
          },
          "testResult" : {
            "identifier" : "identifier",
            "datestamp" : "2000-01-23T04:56:07.000+00:00",
            "responseVariables" : [ {
              "identifier" : "identifier",
              "correctResponse" : {
                "interpretation" : "interpretation",
                "value" : [ {
                  "fieldIdentifier" : "fieldIdentifier",
                  "value" : "value",
                  "baseType" : "boolean"
                }, {
                  "fieldIdentifier" : "fieldIdentifier",
                  "value" : "value",
                  "baseType" : "boolean"
                } ]
              },
              "candidateResponse" : {
                "value" : [ null, null ]
              },
              "choiceSequence" : [ "choiceSequence", "choiceSequence" ],
              "cardinality" : "multiple",
              "baseType" : "boolean"
            }, {
              "identifier" : "identifier",
              "correctResponse" : {
                "interpretation" : "interpretation",
                "value" : [ {
                  "fieldIdentifier" : "fieldIdentifier",
                  "value" : "value",
                  "baseType" : "boolean"
                }, {
                  "fieldIdentifier" : "fieldIdentifier",
                  "value" : "value",
                  "baseType" : "boolean"
                } ]
              },
              "candidateResponse" : {
                "value" : [ null, null ]
              },
              "choiceSequence" : [ "choiceSequence", "choiceSequence" ],
              "cardinality" : "multiple",
              "baseType" : "boolean"
            } ],
            "outcomeVariables" : [ {
              "identifier" : "identifier",
              "view" : [ "author", "author" ],
              "interpretation" : "interpretation",
              "normalMaximum" : 0.8008281904610115,
              "masteryValue" : 1.4658129805029452,
              "longInterpretation" : "http://example.com/aeiou",
              "value" : [ null, null ],
              "cardinality" : "multiple",
              "normalMinimum" : 6.027456183070403,
              "baseType" : "boolean"
            }, {
              "identifier" : "identifier",
              "view" : [ "author", "author" ],
              "interpretation" : "interpretation",
              "normalMaximum" : 0.8008281904610115,
              "masteryValue" : 1.4658129805029452,
              "longInterpretation" : "http://example.com/aeiou",
              "value" : [ null, null ],
              "cardinality" : "multiple",
              "normalMinimum" : 6.027456183070403,
              "baseType" : "boolean"
            } ],
            "templateVariables" : [ {
              "identifier" : "identifier",
              "value" : [ null, null ],
              "cardinality" : "multiple",
              "baseType" : "boolean"
            }, {
              "identifier" : "identifier",
              "value" : [ null, null ],
              "cardinality" : "multiple",
              "baseType" : "boolean"
            } ]
          }
        }
      },
      "CandidateResponseDType" : {
        "type" : "object",
        "properties" : {
          "value" : {
            "minItems" : 0,
            "type" : "array",
            "description" : "The value(s) of the response variable. A NULL value, resulting from no response, is indicated by the absence of any value. The order of the values is significant only if the response was declared with ordered cardinality.\n",
            "items" : {
              "$ref" : "#/components/schemas/ValueDType"
            }
          }
        },
        "additionalProperties" : false,
        "description" : "The response given by the candidate.\n",
        "example" : {
          "value" : [ null, null ]
        }
      },
      "ContextDType" : {
        "type" : "object",
        "properties" : {
          "sourcedId" : {
            "type" : "string",
            "description" : "A unique identifier for the test candidate. Model Primitive Datatype = NCName."
          },
          "sessionIdentifiers" : {
            "minItems" : 0,
            "type" : "array",
            "description" : "The system that creates the result (for example, the test delivery system) should assign a session identifier that it can use to identify the session. Subsequent systems that process the result might assign their own identifier to the session which should be added to the context if the result is modified and exported for transport again.\n",
            "items" : {
              "$ref" : "#/components/schemas/SessionIdentifierDType"
            }
          }
        },
        "additionalProperties" : false,
        "description" : "This is the context for the 'assessmentResult'. It provides the corresponding set of identifiers.\n",
        "example" : {
          "sourcedId" : "sourcedId",
          "sessionIdentifiers" : [ {
            "sourceID" : "http://example.com/aeiou",
            "identifier" : "identifier"
          }, {
            "sourceID" : "http://example.com/aeiou",
            "identifier" : "identifier"
          } ]
        }
      },
      "CorrectResponseDType" : {
        "type" : "object",
        "properties" : {
          "interpretation" : {
            "type" : "string",
            "description" : "A human readable interpretation of the correct value. Model Primitive Datatype = String."
          },
          "value" : {
            "minItems" : 0,
            "type" : "array",
            "description" : "The order of the values is signficant only when the response is of ordered cardinality.\n",
            "items" : {
              "$ref" : "#/components/schemas/ValueDType"
            }
          }
        },
        "additionalProperties" : false,
        "description" : "The correct response may be output as part of the report if desired. Systems are not limited to reporting correct responses declared in responseDeclarations. For example, a correct response may be set by a templateRule or may simply have been suppressed from the declaration passed to the delivery engine e.g. for security.\n",
        "example" : {
          "interpretation" : "interpretation",
          "value" : [ {
            "fieldIdentifier" : "fieldIdentifier",
            "value" : "value",
            "baseType" : "boolean"
          }, {
            "fieldIdentifier" : "fieldIdentifier",
            "value" : "value",
            "baseType" : "boolean"
          } ]
        }
      },
      "ItemResultDType" : {
        "required" : [ "datestamp", "identifier", "sessionStatus" ],
        "type" : "object",
        "properties" : {
          "identifier" : {
            "type" : "string",
            "description" : "The identifier of the item for which this is a result. For item results that are reported as part of a test result this is the identifier used to refer to the item in the test (see assessmentItemRef). For item results that are reported on their own, this can be any suitable identifier for the item. Where possible, the value should match the identifier attribute on the associated assessmentItem. Model Primitive Datatype = NCName."
          },
          "sequenceIndex" : {
            "minimum" : 0,
            "type" : "integer",
            "description" : "For item results that are reported as part of a test, this attribute must be used to indicate the position of the item within the specific instance of the test. The first item of the first part of the test is defined to have sequence index 1. Model Primitive Datatype = NonNegativeInteger.",
            "format" : "int32"
          },
          "datestamp" : {
            "type" : "string",
            "description" : "The date stamp of when this result was recorded. Model Primitive Datatype = DateTime.",
            "format" : "date-time"
          },
          "sessionStatus" : {
            "type" : "string",
            "description" : "The session status is used to interpret the values of the item variables. See the sessionStatus vocabulary.\n",
            "enum" : [ "final", "initial", "pendingResponseProcessing", "pendingSubmission" ]
          },
          "responseVariables" : {
            "minItems" : 0,
            "type" : "array",
            "description" : "Indicates that a Response Variable is being reported. This is the value of one of the responses associated with an Item in the corresponding ASI instance.\n",
            "items" : {
              "$ref" : "#/components/schemas/ResponseVariableDType"
            }
          },
          "templateVariables" : {
            "minItems" : 0,
            "type" : "array",
            "description" : "Indicates that a Template Variable is being reported. This is the value of one of the template variables associated with an Item in the corresponding ASI instance.\n",
            "items" : {
              "$ref" : "#/components/schemas/TemplateVariableDType"
            }
          },
          "outcomeVariables" : {
            "minItems" : 0,
            "type" : "array",
            "description" : "Indicates that an Outcome Variable is being reported. This is the value of one of the outcomes associated with either an Item or Test and defined in the corresponding ASI instance.\n",
            "items" : {
              "$ref" : "#/components/schemas/OutcomeVariableDType"
            }
          },
          "candidateComment" : {
            "type" : "string",
            "description" : "An optional comment supplied by the candidate (see the allowComment in the ASI documentation [QTI, 20a]). Model Primitive Datatype = String."
          }
        },
        "additionalProperties" : false,
        "description" : "The result of an item session is reported with an itemResult. A report may contain multiple results for the same instance of an item representing multiple attempts, progression through an adaptive item or even more detailed tracking. In these cases, each item result must have a different datestamp.\n",
        "example" : {
          "sequenceIndex" : 0,
          "identifier" : "identifier",
          "datestamp" : "2000-01-23T04:56:07.000+00:00",
          "sessionStatus" : "final",
          "candidateComment" : "candidateComment",
          "responseVariables" : [ null, null ],
          "outcomeVariables" : [ null, null ],
          "templateVariables" : [ null, null ]
        }
      },
      "ItemSetDType" : {
        "required" : [ "itemIdentifiers" ],
        "type" : "object",
        "properties" : {
          "itemIdentifiers" : {
            "minItems" : 1,
            "type" : "array",
            "description" : "The Identifiers for the set of Items. These should be the GUIDs that have been assigned to AssessmentItems when defined using IMS QTI. Model Primitive Datatype = NCName.\n",
            "items" : {
              "type" : "string"
            }
          }
        },
        "additionalProperties" : false,
        "description" : "A set of Item identfiers.\n",
        "example" : {
          "itemIdentifiers" : [ "itemIdentifiers", "itemIdentifiers" ]
        }
      },
      "KeyValuePairDType" : {
        "required" : [ "key", "value" ],
        "type" : "object",
        "properties" : {
          "glossaryURI" : {
            "type" : "string",
            "description" : "This is a URI to the definition of the data being supplied in this accompanying key/value pair. This definition should provide a human readable description of the data-type and value space for the value being identified by its key.  Model Primitive Datatype = AnyURI.",
            "format" : "uri"
          },
          "key" : {
            "type" : "string",
            "description" : "The key for the value to be supplied. Model Primitive Datatype = String."
          },
          "value" : {
            "type" : "string",
            "description" : "The value being supplied. Model Primitive Datatype = String."
          }
        },
        "additionalProperties" : false,
        "description" : "The container for the values assigned to the Key/Value pair.\n"
      },
      "NextItemSetDType" : {
        "required" : [ "itemIdentifiers" ],
        "type" : "object",
        "properties" : {
          "itemIdentifiers" : {
            "minItems" : 1,
            "type" : "array",
            "description" : "The Identifiers for the set of Items that should be presented next. These should be the GUIDs that have been assigned to AssessmentItems when defined using IMS QTI. Model Primitive Datatype = NCName.\n",
            "items" : {
              "type" : "string"
            }
          },
          "stageLength" : {
            "minimum" : 0,
            "type" : "integer",
            "description" : "The (minimum) number of items the CAT Engine can present before requesting next items Model Primitive Datatype = NonNegativeInteger.",
            "format" : "int32"
          }
        },
        "additionalProperties" : false,
        "description" : "The container for the information about the set of next Items that should be presented to the examinee.\n",
        "example" : {
          "stageLength" : 0,
          "itemIdentifiers" : [ "itemIdentifiers", "itemIdentifiers" ]
        }
      },
      "OutcomeVariableDType" : {
        "required" : [ "cardinality", "identifier" ],
        "type" : "object",
        "properties" : {
          "identifier" : {
            "type" : "string",
            "description" : "The identifier of the Outcome Variable. Model Primitive Datatype = NCName."
          },
          "cardinality" : {
            "type" : "string",
            "description" : "The cardinality of the Outcome Variable, taken from the corresponding declaration or definition.\n",
            "enum" : [ "multiple", "ordered", "record", "single" ]
          },
          "baseType" : {
            "type" : "string",
            "description" : "The base type of the Outcome Variable, taken from the corresponding declaration of definition. This value is omitted only for variables with record cardinality.\n",
            "enum" : [ "boolean", "directedPair", "duration", "file", "float", "identifier", "integer", "pair", "point", "string", "uri" ]
          },
          "view" : {
            "minItems" : 0,
            "type" : "array",
            "description" : "The views (if any) declared for the outcome must be copied to the report to enable systems that render the report to hide information not relevant in a specific situation. If no values are given, the outcome's value should be considered relevant in all views.\n",
            "items" : {
              "type" : "string",
              "enum" : [ "author", "candidate", "proctor", "scorer", "testConstructor", "tutor" ]
            }
          },
          "interpretation" : {
            "type" : "string",
            "description" : "A human readable interpretation of the default value. Model Primitive Datatype = String."
          },
          "longInterpretation" : {
            "type" : "string",
            "description" : "An optional link to an extended interpretation of the outcome variable's value. Model Primitive Datatype = AnyURI.",
            "format" : "uri"
          },
          "normalMaximum" : {
            "type" : "number",
            "description" : "The normalMaximum attribute optionally defines the maximum magnitude of numeric outcome variables, it must be a positive value. If given, the outcome's value can be divided by normalMaximum and then truncated (if necessary) to obtain a normalized score in the range [-1.0,1.0]. normalMaximum has no affect on responseProcessing or the values that the outcome variable itself can take. Model Primitive Datatype = Double.",
            "format" : "double"
          },
          "normalMinimum" : {
            "type" : "number",
            "description" : "The normalMinimum attribute optionally defines the minimum value of numeric outcome variables, it may be negative. Model Primitive Datatype = Double.",
            "format" : "double"
          },
          "masteryValue" : {
            "type" : "number",
            "description" : "The masteryValue attribute optionally defines a value for numeric outcome variables above which the aspect being measured is considered to have been mastered by the candidate. Model Primitive Datatype = Double.",
            "format" : "double"
          },
          "value" : {
            "minItems" : 0,
            "type" : "array",
            "description" : "The value(s) of the outcome variable. The order of the values is significant only if the outcome was declared with ordered cardinality.\n",
            "items" : {
              "$ref" : "#/components/schemas/ValueDType"
            }
          }
        },
        "additionalProperties" : false,
        "description" : "The Item result information related to an 'Outcome Variable'.\n",
        "example" : {
          "identifier" : "identifier",
          "view" : [ "author", "author" ],
          "interpretation" : "interpretation",
          "normalMaximum" : 0.8008281904610115,
          "masteryValue" : 1.4658129805029452,
          "longInterpretation" : "http://example.com/aeiou",
          "value" : [ null, null ],
          "cardinality" : "multiple",
          "normalMinimum" : 6.027456183070403,
          "baseType" : "boolean"
        }
      },
      "PCIContextDType" : {
        "type" : "object",
        "properties" : {
          "customTypeIdentifier" : {
            "type" : "string",
            "description" : "This is used alongside an 'interactionType' value of 'portableCustomInteraction' to disambiguate which class of PCI is in use as PCIs can vary widely in terms of how they might need to be psychometrically analyzed. This field could potentially also be used to identify which type of a traditional customInteraction is in use by the item. Model Primitive Datatype = NormalizedString."
          },
          "interactionKind" : {
            "type" : "string",
            "description" : "This is used to provide insight into the nature of the PCI e.g. this is a PCI which allows a user to add notes to a musical stave to author some music that might be given a description of 'authoring'. This information could be used by a psychometrician, etc. as an indication of a similar type of standard interaction. Model Primitive Datatype = NormalizedString."
          }
        },
        "additionalProperties" : false,
        "description" : "This is the container for the contextual information that can be supplied for a PCI used within an Item. The contained information is only relevant when there is an 'interactionType' of 'portableCustomInteraction'.\n",
        "example" : {
          "interactionKind" : "interactionKind",
          "customTypeIdentifier" : "customTypeIdentifier"
        }
      },
      "QTIMetadataDType" : {
        "type" : "object",
        "properties" : {
          "itemTemplate" : {
            "type" : "boolean",
            "description" : "True if the item is actually an item template, in other words, the item changes its appearance based on some random or external factor. An assessmentItem that contains a templateProcessing section. Model Primitive Datatype = Boolean."
          },
          "timeDependent" : {
            "type" : "boolean",
            "description" : "Whether or not the item is time dependent. A time dependent item takes the length of time taken for an attempt into consideration when scoring. Model Primitive Datatype = Boolean."
          },
          "composite" : {
            "type" : "boolean",
            "description" : "True if the item comprises more than one interaction, for example, an assessmentItem that contains more than one interaction. Model Primitive Datatype = Boolean."
          },
          "interactionType" : {
            "minItems" : 0,
            "type" : "array",
            "description" : "The interaction type(s) of the item. The vocabulary is comprised of the names, as defined in the information model, of the leaf classes derived from interaction.\n",
            "items" : {
              "type" : "string",
              "enum" : [ "associateInteraction", "choiceInteraction", "customInteraction", "drawingInteraction", "endAttemptInteraction", "extendedTextInteraction", "gapMatchInteraction", "graphicAssociateInteraction", "graphicGapMatchInteraction", "graphicOrderInteraction", "hotspotInteraction", "hottextInteraction", "inlineChoiceInteraction", "matchInteraction", "mediaInteraction", "orderInteraction", "portableCustomInteraction", "positionObjectInteraction", "selectPointInteraction", "sliderInteraction", "textEntryInteraction", "uploadInteraction" ]
            }
          },
          "portableCustomInteractionContext" : {
            "$ref" : "#/components/schemas/PCIContextDType"
          },
          "feedbackType" : {
            "type" : "string",
            "description" : "Describes the type of feedback, if any, available in the item. If feedback is available then it is described as being non-adaptive or adaptive depending on whether the item is itself adaptive. A non-adaptive item generates feedback based on the responses submitted as part of (the last) attempt only. An adaptive item generates feedback that takes into consideration the path taken through the item, in other words, feedback based on the accumulation of all attempts and not just the last.\n",
            "enum" : [ "adaptive", "nonadaptive", "none" ]
          },
          "solutionAvailable" : {
            "type" : "boolean",
            "description" : "Set to true if a model solution is available for the item. For example, an assessmentItem that provides correct responses for all declared response variables. Model Primitive Datatype = Boolean."
          },
          "scoringMode" : {
            "minItems" : 0,
            "type" : "array",
            "description" : "The scoringMode is used to denote that the way in which the scoring is achieved. If the Item includes the response processing then the mode is 'responseprocessing'. If human scoring is required the value is 'human' and if some form of machine processing is required then the value is 'externalmachine'.\n",
            "items" : {
              "type" : "string",
              "enum" : [ "human", "externalmachine", "responseprocessing" ]
            }
          },
          "toolName" : {
            "type" : "string",
            "description" : "The name of the tool used to author the evaluation object. Model Primitive Datatype = String."
          },
          "toolVersion" : {
            "type" : "string",
            "description" : "The version of the tool used to author the evaluation object. Model Primitive Datatype = String."
          },
          "toolVendor" : {
            "type" : "string",
            "description" : "The company which produced the tool used to author the evaluation object. Model Primitive Datatype = String."
          }
        },
        "additionalProperties" : false,
        "description" : "This contains the new category of metadata for the recording of QTI specific information.\n",
        "example" : {
          "toolVersion" : "toolVersion",
          "itemTemplate" : true,
          "solutionAvailable" : true,
          "interactionType" : [ "associateInteraction", "associateInteraction" ],
          "composite" : true,
          "timeDependent" : true,
          "portableCustomInteractionContext" : {
            "interactionKind" : "interactionKind",
            "customTypeIdentifier" : "customTypeIdentifier"
          },
          "scoringMode" : [ "human", "human" ],
          "toolVendor" : "toolVendor",
          "feedbackType" : "adaptive",
          "toolName" : "toolName"
        }
      },
      "ResponseVariableDType" : {
        "required" : [ "candidateResponse", "cardinality", "identifier" ],
        "type" : "object",
        "properties" : {
          "identifier" : {
            "type" : "string",
            "description" : "The identifier of the Response Variable. Model Primitive Datatype = NCName."
          },
          "cardinality" : {
            "type" : "string",
            "description" : "The cardinality of the Response Variable, taken from the corresponding declaration or definition.\n",
            "enum" : [ "multiple", "ordered", "record", "single" ]
          },
          "baseType" : {
            "type" : "string",
            "description" : "The base type of the Response Variable, taken from the corresponding declaration of definition. This value is omitted only for variables with record cardinality.\n",
            "enum" : [ "boolean", "directedPair", "duration", "file", "float", "identifier", "integer", "pair", "point", "string", "uri" ]
          },
          "choiceSequence" : {
            "minItems" : 0,
            "type" : "array",
            "description" : "When a response variable is bound to an interaction that supports the shuffling of choices, the sequence of choices experienced by the candidate will vary between test instances. When shuffling is in effect, the sequence of choices should be reported as a sequence of choice identifiers using this attribute. Model Primitive Datatype = NCName.\n",
            "items" : {
              "type" : "string"
            }
          },
          "correctResponse" : {
            "$ref" : "#/components/schemas/CorrectResponseDType"
          },
          "candidateResponse" : {
            "$ref" : "#/components/schemas/CandidateResponseDType"
          }
        },
        "additionalProperties" : false,
        "description" : "The Item result information related to a 'Response Variable'.\n",
        "example" : {
          "identifier" : "identifier",
          "correctResponse" : {
            "interpretation" : "interpretation",
            "value" : [ {
              "fieldIdentifier" : "fieldIdentifier",
              "value" : "value",
              "baseType" : "boolean"
            }, {
              "fieldIdentifier" : "fieldIdentifier",
              "value" : "value",
              "baseType" : "boolean"
            } ]
          },
          "candidateResponse" : {
            "value" : [ null, null ]
          },
          "choiceSequence" : [ "choiceSequence", "choiceSequence" ],
          "cardinality" : "multiple",
          "baseType" : "boolean"
        }
      },
      "ResultsDType" : {
        "required" : [ "assessmentResult" ],
        "type" : "object",
        "properties" : {
          "assessmentResult" : {
            "$ref" : "#/components/schemas/AssessmentResultDType"
          },
          "sessionState" : {
            "type" : "string",
            "description" : "The session state information. This is the data that was supplied by the CAT Engine when the session was created or the next set of Items was requested. Model Primitive Datatype = NormalizedString."
          }
        },
        "additionalProperties" : false,
        "description" : "This is the container for the results that have been accrued by the examinee. These are passed to the CAT Engine to support the selection of the next set of Items.\n"
      },
      "SectionDType" : {
        "required" : [ "sectionConfiguration" ],
        "type" : "object",
        "properties" : {
          "qtiMetadata" : {
            "$ref" : "#/components/schemas/QTIMetadataDType"
          },
          "qtiUsagedata" : {
            "type" : "string",
            "description" : "This is the Base64 encoded XML conforming to IMS QTI 3.0 Usage Date data model [QTI, 20c]. Model Primitive Datatype = String."
          },
          "sectionConfiguration" : {
            "type" : "string",
            "description" : "This is the Base64 encoded data containing section configuration, aligned with adaptive engine (black box). This format will be proprietary to each adaptive CAT Engine. Model Primitive Datatype = String."
          }
        },
        "additionalProperties" : false,
        "description" : "The container for the definition of the Section that is to be created in the CAT Engine. A Section is aligned to a QTI AssessmentSection [QTI, 20a].\n",
        "example" : {
          "sectionConfiguration" : "sectionConfiguration",
          "qtiMetadata" : {
            "toolVersion" : "toolVersion",
            "itemTemplate" : true,
            "solutionAvailable" : true,
            "interactionType" : [ "associateInteraction", "associateInteraction" ],
            "composite" : true,
            "timeDependent" : true,
            "portableCustomInteractionContext" : {
              "interactionKind" : "interactionKind",
              "customTypeIdentifier" : "customTypeIdentifier"
            },
            "scoringMode" : [ "human", "human" ],
            "toolVendor" : "toolVendor",
            "feedbackType" : "adaptive",
            "toolName" : "toolName"
          },
          "qtiUsagedata" : "qtiUsagedata"
        }
      },
      "SessionDType" : {
        "type" : "object",
        "properties" : {
          "personalNeedsAndPreferences" : {
            "type" : "string",
            "description" : "This is the Base64 encoded XML data for the Personal Needs and Preferences (PNP) for the examinee.  This data conforms to the XML as defined in the IMS Access for All Personal Needs and Preferences (AfAPNP) 3.0 XML Binding specification [AFAPNP, 20]. Model Primitive Datatype = NormalizedString."
          },
          "demographics" : {
            "type" : "string",
            "description" : "The Base64 encoding of the JSON data for the Demographics information for the examinee. This data conforms to the JSON as defined in the IMS OneRoster 1.1 specification [OR, 17]. Model Primitive Datatype = NormalizedString."
          },
          "priorData" : {
            "minItems" : 0,
            "type" : "array",
            "description" : "This is proprietary data that is supplied to the CAT Engine as a key/value pairs.\n",
            "items" : {
              "$ref" : "#/components/schemas/KeyValuePairDType"
            }
          }
        },
        "additionalProperties" : false,
        "description" : "This is the container for the session configuration data that must be supplied to the CAT Engine when the session is to be created.\n"
      },
      "SessionIdentifierDType" : {
        "required" : [ "identifier", "sourceID" ],
        "type" : "object",
        "properties" : {
          "sourceID" : {
            "type" : "string",
            "description" : "A unique identifier of the system which added this identifier to the result. Model Primitive Datatype = AnyURI.",
            "format" : "uri"
          },
          "identifier" : {
            "type" : "string",
            "description" : "The system that creates the report should add a session identifier. Subsequent systems that process the results might use their own identifier for the session and should add this too if the result is exported again for further transport. Model Primitive Datatype = NCName."
          }
        },
        "additionalProperties" : false,
        "description" : "The system that creates the result (for example, the test delivery system) should assign a session identifier that it can use to identify the session.\n",
        "example" : {
          "sourceID" : "http://example.com/aeiou",
          "identifier" : "identifier"
        }
      },
      "TemplateVariableDType" : {
        "required" : [ "cardinality", "identifier" ],
        "type" : "object",
        "properties" : {
          "identifier" : {
            "type" : "string",
            "description" : "The identifier of the Template Variable. Model Primitive Datatype = NCName."
          },
          "cardinality" : {
            "type" : "string",
            "description" : "The cardinality of the Template Variable, taken from the corresponding declaration or definition.\n",
            "enum" : [ "multiple", "ordered", "record", "single" ]
          },
          "baseType" : {
            "type" : "string",
            "description" : "The base type of the Template Variable, taken from the corresponding declaration of definition. This value is omitted only for variables with record cardinality.\n",
            "enum" : [ "boolean", "directedPair", "duration", "file", "float", "identifier", "integer", "pair", "point", "string", "uri" ]
          },
          "value" : {
            "minItems" : 0,
            "type" : "array",
            "description" : "The value(s) of the template variable. The order of the values is significant only if the template variable was declared with ordered cardinality.\n",
            "items" : {
              "$ref" : "#/components/schemas/ValueDType"
            }
          }
        },
        "additionalProperties" : false,
        "description" : "The Item result information related to a 'Template Variable'.\n",
        "example" : {
          "identifier" : "identifier",
          "value" : [ null, null ],
          "cardinality" : "multiple",
          "baseType" : "boolean"
        }
      },
      "TestResultDType" : {
        "required" : [ "datestamp", "identifier" ],
        "type" : "object",
        "properties" : {
          "identifier" : {
            "type" : "string",
            "description" : "The identifier of the test for which this is a result. Model Primitive Datatype = NCName."
          },
          "datestamp" : {
            "type" : "string",
            "description" : "The date stamp of when this result was recorded. Model Primitive Datatype = DateTime.",
            "format" : "date-time"
          },
          "responseVariables" : {
            "minItems" : 0,
            "type" : "array",
            "description" : "Indicates that a Response Variable is being reported. This is the value of one of the responses associated with an Item in the corresponding ASI instance [QTI, 20a].\n",
            "items" : {
              "$ref" : "#/components/schemas/ResponseVariableDType"
            }
          },
          "templateVariables" : {
            "minItems" : 0,
            "type" : "array",
            "description" : "Indicates that a Template Variable is being reported. This is the value of one of the template variables associated with an Item in the corresponding ASI instance [QTI, 20a].\n",
            "items" : {
              "$ref" : "#/components/schemas/TemplateVariableDType"
            }
          },
          "outcomeVariables" : {
            "minItems" : 0,
            "type" : "array",
            "description" : "Indicates that an Outcome Variable is being reported. This is the value of one of the outcomes associated with either an Item or Test and defined in the corresponding ASI instance [QTI, 20a].\n",
            "items" : {
              "$ref" : "#/components/schemas/OutcomeVariableDType"
            }
          }
        },
        "additionalProperties" : false,
        "description" : "The container for the Test result. When a test result is given the following item results must relate only to items that were selected for presentation as part of the corresponding test session. Furthermore, all items selected for presentation should be reported with a corresponding itemResult.\n",
        "example" : {
          "identifier" : "identifier",
          "datestamp" : "2000-01-23T04:56:07.000+00:00",
          "responseVariables" : [ {
            "identifier" : "identifier",
            "correctResponse" : {
              "interpretation" : "interpretation",
              "value" : [ {
                "fieldIdentifier" : "fieldIdentifier",
                "value" : "value",
                "baseType" : "boolean"
              }, {
                "fieldIdentifier" : "fieldIdentifier",
                "value" : "value",
                "baseType" : "boolean"
              } ]
            },
            "candidateResponse" : {
              "value" : [ null, null ]
            },
            "choiceSequence" : [ "choiceSequence", "choiceSequence" ],
            "cardinality" : "multiple",
            "baseType" : "boolean"
          }, {
            "identifier" : "identifier",
            "correctResponse" : {
              "interpretation" : "interpretation",
              "value" : [ {
                "fieldIdentifier" : "fieldIdentifier",
                "value" : "value",
                "baseType" : "boolean"
              }, {
                "fieldIdentifier" : "fieldIdentifier",
                "value" : "value",
                "baseType" : "boolean"
              } ]
            },
            "candidateResponse" : {
              "value" : [ null, null ]
            },
            "choiceSequence" : [ "choiceSequence", "choiceSequence" ],
            "cardinality" : "multiple",
            "baseType" : "boolean"
          } ],
          "outcomeVariables" : [ {
            "identifier" : "identifier",
            "view" : [ "author", "author" ],
            "interpretation" : "interpretation",
            "normalMaximum" : 0.8008281904610115,
            "masteryValue" : 1.4658129805029452,
            "longInterpretation" : "http://example.com/aeiou",
            "value" : [ null, null ],
            "cardinality" : "multiple",
            "normalMinimum" : 6.027456183070403,
            "baseType" : "boolean"
          }, {
            "identifier" : "identifier",
            "view" : [ "author", "author" ],
            "interpretation" : "interpretation",
            "normalMaximum" : 0.8008281904610115,
            "masteryValue" : 1.4658129805029452,
            "longInterpretation" : "http://example.com/aeiou",
            "value" : [ null, null ],
            "cardinality" : "multiple",
            "normalMinimum" : 6.027456183070403,
            "baseType" : "boolean"
          } ],
          "templateVariables" : [ {
            "identifier" : "identifier",
            "value" : [ null, null ],
            "cardinality" : "multiple",
            "baseType" : "boolean"
          }, {
            "identifier" : "identifier",
            "value" : [ null, null ],
            "cardinality" : "multiple",
            "baseType" : "boolean"
          } ]
        }
      },
      "ValueDType" : {
        "required" : [ "value" ],
        "type" : "object",
        "properties" : {
          "fieldIdentifier" : {
            "type" : "string",
            "description" : "This attribute is only used for specifying the field identifier for a value that forms part of a record. Model Primitive Datatype = NCName."
          },
          "baseType" : {
            "type" : "string",
            "description" : "This attribute is only used for specifying the base-type of a value that forms part of a record.\n",
            "enum" : [ "boolean", "directedPair", "duration", "file", "float", "identifier", "integer", "pair", "point", "string", "uri" ]
          },
          "value" : {
            "type" : "string",
            "description" : "The value being supplied. Model Primitive Datatype = NormalizedString."
          }
        },
        "additionalProperties" : false,
        "description" : "A class that can represent a single value of any baseType in variable declarations and result reports. The base-type is defined by the baseType attribute of the declaration except in the case of variables with record cardinality.\n",
        "example" : {
          "fieldIdentifier" : "fieldIdentifier",
          "value" : "value",
          "baseType" : "boolean"
        }
      },
      "imsx_CodeMinorDType" : {
        "required" : [ "imsx_codeMinorField" ],
        "type" : "object",
        "properties" : {
          "imsx_codeMinorField" : {
            "minItems" : 1,
            "type" : "array",
            "description" : "Each reported code minor status code.\n",
            "items" : {
              "$ref" : "#/components/schemas/imsx_CodeMinorFieldDType"
            }
          }
        },
        "additionalProperties" : false,
        "description" : "This is the container for the set of code minor status codes reported in the responses from the Service Provider.\n"
      },
      "imsx_CodeMinorFieldDType" : {
        "required" : [ "imsx_codeMinorFieldName", "imsx_codeMinorFieldValue" ],
        "type" : "object",
        "properties" : {
          "imsx_codeMinorFieldName" : {
            "type" : "string",
            "description" : "This should contain the identity of the system that has produced the code minor status code report. Model Primitive Datatype = NormalizedString."
          },
          "imsx_codeMinorFieldValue" : {
            "type" : "string",
            "description" : "The code minor status code (this is a value from the corresponding enumerated vocabulary).\n",
            "enum" : [ "fullsuccess", "forbidden", "invaliddata", "unauthorisedrequest", "internal_server_error", "server_busy", "unknownobject" ]
          }
        },
        "additionalProperties" : false,
        "description" : "This is the container for a single code minor status code.\n"
      },
      "imsx_StatusInfoDType" : {
        "required" : [ "imsx_codeMajor", "imsx_severity" ],
        "type" : "object",
        "properties" : {
          "imsx_codeMajor" : {
            "type" : "string",
            "description" : "The code major value (from the corresponding enumerated vocabulary).\n",
            "enum" : [ "success", "processing", "failure", "unsupported" ]
          },
          "imsx_severity" : {
            "type" : "string",
            "description" : "The severity value (from the corresponding enumerated vocabulary).\n",
            "enum" : [ "status", "warning", "error" ]
          },
          "imsx_description" : {
            "type" : "string",
            "description" : "A human readable description supplied by the entity creating the status code information. Model Primitive Datatype = String."
          },
          "imsx_codeMinor" : {
            "$ref" : "#/components/schemas/imsx_CodeMinorDType"
          }
        },
        "additionalProperties" : false,
        "description" : "This is the container for the status code and associated information returned within the HTTP messages received from the Service Provider.\n"
      }
    },
    "securitySchemes" : {
      "OAuth2CCG" : {
        "type" : "oauth2",
        "description" : "A CAT engine implementation may adopt any scope structure and naming scheme which meets its requirements, including not using scopes at all. The scopes shown here are recommended, not required.\n",
        "flows" : {
          "clientCredentials" : {
            "tokenUrl" : "https://www.service-dependent.com/oauth2Token",
            "scopes" : {
              "https://purl.imsglobal.org/cat/v1p0/scope/api" : "This enables access to all of the endpoints.",
              "https://purl.imsglobal.org/cat/v1p0/scope/configure" : "This enables access to the endoints that permit the management of Sections.",
              "https://purl.imsglobal.org/cat/v1p0/scope/deliver" : "This enables access to the endoints that permit the management of Sessions."
            }
          }
        }
      }
    }
  }
}
